{
  "mean": -0.213483303691969,
  "std": 0.03372203828595886,
  "median": -0.1997724854160131,
  "min": -0.6923124137955408,
  "max": -0.03787695159688609,
  "pct_gt05": 0.0,
  "pct_in_neg028_neg015": 95.72477761246003,
  "range_94pct": [
    -0.27767294755553207,
    -0.1825851351948899
  ],
  "pathological": 0,
  "kl_mean": 0.0758517487548492,
  "kl_gt01_pct": 16.09262718034759
}