{
  "mc_dropout": {
    "mean_sigma": 0.004095203243196011,
    "std_sigma": 0.0043959906324744225,
    "median": 0.00400247797369957,
    "min": 0.0010962614323943853,
    "max": 0.047449421137571335,
    "ue_corr": 0.9480341484612623
  },
  "valve": {
    "n_high": 189200,
    "mae_high": 0.00901544792278016,
    "sigma_high": 0.004089713096618652,
    "n_low": 3,
    "mae_low": 0.3504145269232672,
    "sigma_low": 0.00839941669255495,
    "mae_ratio": 0.02572795141211237,
    "sigma_ratio": 0.48690441250801086
  },
  "humidity": {
    "q75": 0.656353591160221,
    "n": 46681,
    "mae": 0.014108881831823062,
    "error_std": 0.030847893756304697
  }
}