{
  "dataset": "IoT Agriculture 2024 (Tikrit University, Iraq)",
  "climate": "Arid",
  "target": "Watering pump ON/OFF",
  "n_samples": 37922,
  "n_sequences": 37907,
  "window_size": 15,
  "n_features": 6,
  "feature_names": [
    "tempreature",
    "humidity",
    "water_level",
    "N",
    "P",
    "K"
  ],
  "n_seeds": 8,
  "baseline_mean_r2": 0.8826432004570961,
  "baseline_std_r2": 0.020689613154392755,
  "attention_mean_r2": 0.8234235122799873,
  "attention_std_r2": 0.021610829161043253,
  "baseline_mean_accuracy": 0.9969500131891321,
  "attention_mean_accuracy": 0.9954827222368767,
  "baseline_convergence": 8,
  "attention_convergence": 8,
  "mc_dropout_attention_mean_std": 0.001973268808797002,
  "mc_dropout_baseline_mean_std": 0.002098265802487731,
  "mc_dropout_uncertainty_reduction_pct": 5.957156181335449,
  "mc_dropout_ue_r_attention": 0.43779754638671875,
  "mc_dropout_ue_r_baseline": 0.4155857264995575,
  "feature_importance": {
    "tempreature": 0.00011325683389292491,
    "humidity": 0.01811345177691777,
    "water_level": 0.0001240419221219445,
    "N": 0.00010843824630662261,
    "P": 0.0001117839572979779,
    "K": 0.00012583197405562164
  },
  "feature_importance_pct": {
    "tempreature": 0.6057550241660177,
    "humidity": 96.87993246597593,
    "water_level": 0.6634391493198157,
    "N": 0.5799827723781371,
    "P": 0.5978773326687505,
    "K": 0.6730132554913529
  },
  "top_feature": "humidity",
  "top_feature_se": 0.00033816137972069474,
  "feature_ci": {
    "tempreature": {
      "mean": 0.00011336532249217581,
      "std": 1.3915568354960975e-05,
      "ci_lower": 8.562423563288529e-05,
      "ci_upper": 0.00014155536296151652,
      "ci_width": 5.593112732863123e-05
    },
    "humidity": {
      "mean": 0.018099661017005927,
      "std": 0.00033816137972069474,
      "ci_lower": 0.01750280201581816,
      "ci_upper": 0.018862007596313082,
      "ci_width": 0.0013592055804949217
    },
    "water_level": {
      "mean": 0.0001242847839916564,
      "std": 1.8399464684386284e-05,
      "ci_lower": 8.993924821479714e-05,
      "ci_upper": 0.0001617716347929031,
      "ci_width": 7.183238657810595e-05
    },
    "N": {
      "mean": 0.00010850104528972085,
      "std": 1.5179956299682937e-05,
      "ci_lower": 7.915725514831792e-05,
      "ci_upper": 0.00013855255004528749,
      "ci_width": 5.9395294896969565e-05
    },
    "P": {
      "mean": 0.00011167067127140753,
      "std": 1.4375181166861097e-05,
      "ci_lower": 8.42528334484e-05,
      "ci_upper": 0.00013911569882476995,
      "ci_width": 5.486286537636996e-05
    },
    "K": {
      "mean": 0.00012573862025852474,
      "std": 1.4654735292530451e-05,
      "ci_lower": 9.585220217952985e-05,
      "ci_upper": 0.00015669352290079787,
      "ci_width": 6.084132072126802e-05
    }
  },
  "shap_temporal_profile": [
    0.004608143864519418,
    0.0028002786105240534,
    0.004527247909123116,
    0.0027128629013712727,
    0.002615593019247943,
    0.004318658102929384,
    0.016947072822237716,
    0.04898278525265066,
    0.08298433797867766,
    0.12597214628431985,
    0.1468786472774326,
    0.17052646859081927,
    0.17067848062319332,
    0.13904159960069887,
    0.07640567716225487
  ],
  "attn_temporal_profile": [
    0.0009562330087646842,
    0.00037730211624875665,
    0.0002889878524001688,
    0.0003144611546304077,
    0.00037072115810588,
    0.000570517557207495,
    0.0008642221218906343,
    0.0013213495258241892,
    0.0021047978661954403,
    0.0024283207021653652,
    0.005041296593844891,
    0.015202292241156101,
    0.0655026063323021,
    0.2335859090089798,
    0.6710709929466248
  ],
  "last3_timestep_pct": 38.61257573861471,
  "pearson_r": 0.1913746492119852,
  "pearson_p": 0.4944506844839804,
  "r_ci_lower": 0.17877890245014894,
  "r_ci_upper": 0.20601421249902666,
  "n_shap_samples": 200,
  "n_bootstrap": 1000,
  "divergence_error_r": 0.18703829144259992,
  "divergence_error_increase_pct": 1123.44873046875
}