{
  "pearson_r": 0.8557714893020383,
  "pearson_p": 4.714489935732055e-05,
  "r_ci_lower": 0.815592437582889,
  "r_ci_upper": 0.88098134046897,
  "n_shap_samples": 200,
  "n_bootstrap": 1000,
  "shap_temporal_profile": [
    0.040227008904813316,
    0.02284857648421808,
    0.025428969144475257,
    0.029967885293303322,
    0.04743695992311775,
    0.05016407794154483,
    0.058381307624442144,
    0.0660804316693208,
    0.07302844360364515,
    0.07864292693145114,
    0.07735673581659111,
    0.09337186904644483,
    0.10197570873155092,
    0.12629616384978615,
    0.10879293503529516
  ],
  "attn_temporal_profile": [
    0.07164718210697174,
    0.04572674259543419,
    0.04039716720581055,
    0.04097982123494148,
    0.04329593479633331,
    0.04609555006027222,
    0.049205709248781204,
    0.05288143828511238,
    0.05746118351817131,
    0.06332284957170486,
    0.07085222750902176,
    0.08067683130502701,
    0.09359055012464523,
    0.1106167882680893,
    0.13325005769729614
  ],
  "feature_importance": {
    "humidity": 1.0761002026914837e-05,
    "temperature": 1.7658249630400917e-05,
    "humiditysol": 0.001489787058851988,
    "temperaturesol": 0.0,
    "co2": 1.0872535788722176e-05,
    "lumi\u00e8re": 0.0
  },
  "top_feature_se": 5.413205613023646e-05,
  "last3_timestep_pct": 33.70648076166322
}